id	file	source
695	695.sgpcm	Ganondorf/sounds/PLACEHOLDER
702	702.sgpcm	Ganondorf/sounds/GNDWARLOCKPUNCH
703	703.sgpcm	Peach/sounds/DOUBLE_JUMP
709	709.sgpcm	Ganondorf/sounds/ANNOUNCER
710	710.sgpcm	DrMario/sounds/65
711	711.sgpcm	DrMario/sounds/B5
712	712.sgpcm	Falco/sounds/FALCO_CROWD
713	713.sgpcm	Falco/sounds/66
714	714.sgpcm	Falco/sounds/67
715	715.sgpcm	Falco/sounds/68
716	716.sgpcm	Falco/sounds/69
717	717.sgpcm	Falco/sounds/6a
718	718.sgpcm	Falco/sounds/6B
719	719.sgpcm	Falco/sounds/6C
720	720.sgpcm	Falco/sounds/6D
721	721.sgpcm	Falco/sounds/6E
722	722.sgpcm	Falco/sounds/6F
723	723.sgpcm	Falco/sounds/70
724	724.sgpcm	Falco/sounds/71
725	725.sgpcm	Falco/sounds/72
726	726.sgpcm	Falco/sounds/ANNOUNCER
727	727.sgpcm	YoungLink/sounds/YLINK_CROWD
728	728.sgpcm	YoungLink/sounds/8A2
730	730.sgpcm	YoungLink/sounds/8C5
731	731.sgpcm	YoungLink/sounds/8D2
732	732.sgpcm	YoungLink/sounds/8E2
733	733.sgpcm	YoungLink/sounds/8F
734	734.sgpcm	YoungLink/sounds/90
735	735.sgpcm	YoungLink/sounds/91
736	736.sgpcm	YoungLink/sounds/92
737	737.sgpcm	YoungLink/sounds/93
738	738.sgpcm	YoungLink/sounds/95
739	739.sgpcm	YoungLink/sounds/yltaunt
740	740.sgpcm	YoungLink/sounds/96
741	741.sgpcm	YoungLink/sounds/ANNOUNCER
742	742.sgpcm	DrMario/sounds/ANNOUNCER
743	743.sgpcm	YoungLink/sounds/YLTAUNTDRINK
744	744.sgpcm	YoungLink/sounds/YLSLEEP
745	745.sgpcm	Ganondorf/sounds/GNDSTUN
746	746.sgpcm	Ganondorf/sounds/GND_CROWD
747	747.sgpcm	DrMario/sounds/DRM_CROWD
748	748.sgpcm	DSamus/sounds/ANNOUNCER
749	749.sgpcm	Wario/sounds/ATTACK_1
750	750.sgpcm	Wario/sounds/ATTACK_2
751	751.sgpcm	Wario/sounds/ATTACK_3
752	752.sgpcm	Wario/sounds/ATTACK_4
753	753.sgpcm	Wario/sounds/DODGE
754	754.sgpcm	Wario/sounds/DAMAGE
755	755.sgpcm	Wario/sounds/DEATH
756	756.sgpcm	Wario/sounds/STAR_KO
757	757.sgpcm	Wario/sounds/SHIELD_BREAK
758	758.sgpcm	Wario/sounds/STUN
759	759.sgpcm	Wario/sounds/SMALL_GRUNT_1
760	760.sgpcm	Wario/sounds/SMALL_GRUNT_2
761	761.sgpcm	Wario/sounds/LAUGH
762	762.sgpcm	Wario/sounds/BIG_GRUNT
763	763.sgpcm	Wario/sounds/YEAH
764	764.sgpcm	Wario/sounds/SLEEP
765	765.sgpcm	Wario/sounds/SELECT
766	766.sgpcm	Wario/sounds/VICTORY_1
767	767.sgpcm	Wario/sounds/VICTORY_2
768	768.sgpcm	Wario/sounds/HERE_I_GO
769	769.sgpcm	Wario/sounds/PLANE
770	770.sgpcm	Wario/sounds/HURRY_UP
771	771.sgpcm	Wario/sounds/WARIO_CROWD
772	772.sgpcm	Wario/sounds/ANNOUNCER
773	773.sgpcm	Elink/sounds/ANNOUNCER
774	774.sgpcm	sounds/PolygonFighter
775	775.sgpcm	sounds/KoTH
776	776.sgpcm	sounds/Smashketball
777	777.sgpcm	Roy/sounds/ANNOUNCER
778	778.sgpcm	sounds/Random
779	779.sgpcm	1p/sounds/ROYAL_RUMBLE
780	780.sgpcm	sounds/BONUS_CHARACTER
781	781.sgpcm	DrLuigi/sounds/ANNOUNCER
782	782.sgpcm	1p/sounds/DR_MARIO_BROS
783	783.sgpcm	sounds/Tag_Team
784	784.sgpcm	1p/sounds/DK_CREW
785	785.sgpcm	DragonKing/sounds/CHANT
786	786.sgpcm	Ganondorf/sounds/VICTORY_LAUGH
787	787.sgpcm	JFox/sounds/ANNOUNCER
788	788.sgpcm	JMario/sounds/CHANT
789	789.sgpcm	JDK/sounds/CHANT
790	790.sgpcm	JLink/sounds/CHANT
791	791.sgpcm	JSamus/sounds/CHANT
792	792.sgpcm	JYoshi/sounds/CHANT
793	793.sgpcm	JKirby/sounds/CHANT
794	794.sgpcm	JFox/sounds/CHANT
795	795.sgpcm	JPika/sounds/CHANT
796	796.sgpcm	JLuigi/sounds/CHANT
797	797.sgpcm	JNess/sounds/CHANT
798	798.sgpcm	JFalcon/sounds/CHANT
799	799.sgpcm	JPuff/sounds/CHANT
800	800.sgpcm	JFox/sounds/VICTORY
804	804.sgpcm	JPuff/sounds/ANNOUNCER
805	805.sgpcm	JPuff/sounds/11A_POUND
806	806.sgpcm	JPuff/sounds/11B_SMASH
807	807.sgpcm	JPuff/sounds/11C_SMASH
808	808.sgpcm	JPuff/sounds/11D_SMASH
809	809.sgpcm	JPuff/sounds/11E_SING
811	811.sgpcm	JPuff/sounds/118_KO_DAMAGED
812	812.sgpcm	JPuff/sounds/119_DAMAGED
813	813.sgpcm	JPuff/sounds/120_UNKNOWN
814	814.sgpcm	JPuff/sounds/121_TAUNT
815	815.sgpcm	JPuff/sounds/122_ROLLMAYBE
816	816.sgpcm	JPuff/sounds/123_STAR_KO
817	817.sgpcm	JPuff/sounds/124_SLEEP
818	818.sgpcm	JPuff/sounds/125_STUN
819	819.sgpcm	JPuff/sounds/126_HEAVY_LIFT
820	820.sgpcm	JPuff/sounds/127_STAR_KO
821	821.sgpcm	Lucas/sounds/ATTACKLUCAS
822	822.sgpcm	Lucas/sounds/ATTACK2LUCAS
823	823.sgpcm	Lucas/sounds/ATTACK3LUCAS
824	824.sgpcm	Lucas/sounds/CROWDCHANTLUCAS
825	825.sgpcm	Lucas/sounds/DIZZYLUCAS
826	826.sgpcm	Lucas/sounds/DOWNSMASHLUCAS
827	827.sgpcm	Lucas/sounds/HURTLUCAS
828	828.sgpcm	Lucas/sounds/JUMPLUCAS
829	829.sgpcm	Lucas/sounds/KOLUCAS
830	830.sgpcm	Lucas/sounds/LIFTLUCAS
831	831.sgpcm	Lucas/sounds/PKFIRELUCAS
832	832.sgpcm	Lucas/sounds/PKTHUNDERLUCAS
833	833.sgpcm	Lucas/sounds/PKTHUNDER2LUCAS
834	834.sgpcm	Lucas/sounds/SLEEPLUCAS
835	835.sgpcm	Lucas/sounds/STARKOLUCAS
836	836.sgpcm	Lucas/sounds/TEETERLUCAS
837	837.sgpcm	Lucas/sounds/UPSMASHLUCAS
838	838.sgpcm	Lucas/sounds/TAUNTLUCAS
839	839.sgpcm	ESamus/sounds/ANNOUNCER
840	840.sgpcm	Lucas/sounds/ANNOUNCER
841	841.sgpcm	Marth/sounds/ATTACK_1
842	842.sgpcm	Marth/sounds/ATTACK_2
843	843.sgpcm	Marth/sounds/ATTACK_3
844	844.sgpcm	Marth/sounds/ATTACK_4
845	845.sgpcm	Marth/sounds/ATTACK_5
846	846.sgpcm	Marth/sounds/ATTACK_6
847	847.sgpcm	Marth/sounds/DODGE
848	848.sgpcm	Marth/sounds/JUMP
849	849.sgpcm	Marth/sounds/CROWD_CHANT
850	850.sgpcm	Marth/sounds/TAUNT
851	851.sgpcm	Marth/sounds/DAMAGE
852	852.sgpcm	Marth/sounds/DEATH
853	853.sgpcm	Marth/sounds/STAR_KO
854	854.sgpcm	Marth/sounds/SLEEP
855	855.sgpcm	Marth/sounds/STUN
856	856.sgpcm	Marth/sounds/USP_SFX
857	857.sgpcm	Marth/sounds/USP_VOICE
858	858.sgpcm	Marth/sounds/COUNTER_SFX
859	859.sgpcm	Marth/sounds/COUNTER_1
860	860.sgpcm	Marth/sounds/VICTORY_1
861	861.sgpcm	Marth/sounds/VICTORY_2
862	862.sgpcm	Marth/sounds/VICTORY_3
864	864.sgpcm	Marth/sounds/ANNOUNCER
865	865.sgpcm	Marth/sounds/COUNTER_2
866	866.sgpcm	Marth/sounds/COUNTER_3
867	867.sgpcm	Bowser/sounds/BOWSER_CHEER
868	868.sgpcm	Bowser/sounds/BOWSER_STUNNED
869	869.sgpcm	Bowser/sounds/BOWSER_DAMAGED
870	870.sgpcm	Bowser/sounds/BOWSER_SLEEP
871	871.sgpcm	Bowser/sounds/BOWSER_STAR_KO
872	872.sgpcm	Bowser/sounds/BOWSER_FOOTSTEP
873	873.sgpcm	Bowser/sounds/BOWSER_SMASH1
874	874.sgpcm	Bowser/sounds/BOWSER_SMASH2
875	875.sgpcm	Bowser/sounds/BOWSER_SMASH3
876	876.sgpcm	Bowser/sounds/BOWSER_SMASH4
877	877.sgpcm	Bowser/sounds/BOWSER_TAUNT
878	878.sgpcm	Bowser/sounds/BOWSER_UPSPECIAL
879	879.sgpcm	Bowser/sounds/BOWSER_VICTORY_LAUGH
880	880.sgpcm	Bowser/sounds/BOWSER_KO
881	881.sgpcm	Bowser/sounds/BOWSER_LIFT
882	882.sgpcm	Bowser/sounds/ANNOUNCER
883	883.sgpcm	GBowser/sounds/ANNOUNCER
884	884.sgpcm	Bowser/sounds/BOWSER_ENTRY_LAUGH
885	885.sgpcm	Kirby/sounds/PHANTASM
886	886.sgpcm	Piano/sounds/PIANO_1
887	887.sgpcm	Piano/sounds/PIANO_2
888	888.sgpcm	Piano/sounds/PIANO_3
889	889.sgpcm	Piano/sounds/PIANO_STAR_KO
890	890.sgpcm	Piano/sounds/PIANO_DAMAGE_HIGH
891	891.sgpcm	Piano/sounds/PIANO_DEATH
892	892.sgpcm	Piano/sounds/PIANO_GULP
893	893.sgpcm	Piano/sounds/PIANO_THROW
894	894.sgpcm	Piano/sounds/PIANO_SHOOT
895	895.sgpcm	Piano/sounds/PIANO_WARP
896	896.sgpcm	Piano/sounds/PIANO_DITTY_1
897	897.sgpcm	Piano/sounds/PIANO_DITTY_2
898	898.sgpcm	Piano/sounds/PIANO_DITTY_3
899	899.sgpcm	Piano/sounds/PIANO_SLEEP
900	900.sgpcm	Piano/sounds/PIANO_DAMAGE_LOW_1
901	901.sgpcm	Piano/sounds/PIANO_DAMAGE_LOW_2
902	902.sgpcm	Piano/sounds/PIANO_DAMAGE_MID_1
903	903.sgpcm	Piano/sounds/PIANO_DAMAGE_MID_2
904	904.sgpcm	Piano/sounds/PIANO_DAMAGE_MID_3
905	905.sgpcm	Conker/sounds/CONKER_CHAINSAW_DSMASH
907	907.sgpcm	Conker/sounds/CONKER_DAMAGE
908	908.sgpcm	Conker/sounds/CONKER_DAMAGE_HEAVY
909	909.sgpcm	Conker/sounds/CONKER_JUMP
910	910.sgpcm	Conker/sounds/CONKER_PAN
911	911.sgpcm	Conker/sounds/CONKER_KO
912	912.sgpcm	Conker/sounds/CONKER_LIFT
913	913.sgpcm	Conker/sounds/CONKER_SLEEP
914	914.sgpcm	Conker/sounds/CONKER_SMASH1
915	915.sgpcm	Conker/sounds/CONKER_SMASH2
916	916.sgpcm	Conker/sounds/CONKER_SMASH3
917	917.sgpcm	Conker/sounds/CONKER_STARKO
918	918.sgpcm	Conker/sounds/CONKER_STUN
919	919.sgpcm	Conker/sounds/CONKER_TECH
920	920.sgpcm	Conker/sounds/CONKER_TEETER
922	922.sgpcm	Conker/sounds/CONKER_NSP1
923	923.sgpcm	Conker/sounds/CONKER_NSP2
924	924.sgpcm	Conker/sounds/CONKER_CHAINSAW_BEGIN
925	925.sgpcm	Conker/sounds/CONKER_CHAINSAW_END
926	926.sgpcm	Wolf/sounds/WOLF_STUNNED
927	927.sgpcm	Wolf/sounds/WOLF_DAMAGED
928	928.sgpcm	Wolf/sounds/WOLF_JUMP1
929	929.sgpcm	Wolf/sounds/WOLF_LIFT
930	930.sgpcm	Wolf/sounds/WOLF_SLEEP
931	931.sgpcm	Wolf/sounds/WOLF_SMASH1
932	932.sgpcm	Wolf/sounds/WOLF_SMASH2
933	933.sgpcm	Wolf/sounds/WOLF_SMASH3
934	934.sgpcm	Wolf/sounds/WOLF_KO
935	935.sgpcm	Wolf/sounds/WOLF_STARKO
936	936.sgpcm	Wolf/sounds/WOLF_SHIELD_BREAK
937	937.sgpcm	Wolf/sounds/WOLF_TECH
938	938.sgpcm	Wolf/sounds/WOLF_ANNOUNCER
939	939.sgpcm	Wolf/sounds/WOLF_TEETER
940	940.sgpcm	Wolf/sounds/WOLF_USMASH
941	941.sgpcm	Wolf/sounds/WOLF_TAUNT
942	942.sgpcm	1p/sounds/TEAM
943	943.sgpcm	1p/sounds/GIANT
944	944.sgpcm	Mewtwo/sounds/ANNOUNCER
945	945.sgpcm	Mewtwo/sounds/CROWD_CHANT
946	946.sgpcm	Mewtwo/sounds/VICTORY_LAUGH
947	947.sgpcm	Mewtwo/sounds/ATTACK_1
948	948.sgpcm	Mewtwo/sounds/ATTACK_2
949	949.sgpcm	Mewtwo/sounds/ATTACK_3
950	950.sgpcm	Mewtwo/sounds/DAMAGE
951	951.sgpcm	Mewtwo/sounds/DEATH
952	952.sgpcm	Mewtwo/sounds/STAR_KO
953	953.sgpcm	Mewtwo/sounds/STUN
954	954.sgpcm	Mewtwo/sounds/SLEEP
955	955.sgpcm	Mewtwo/sounds/TAUNT
956	956.sgpcm	Mewtwo/sounds/SHADOW_BALL
957	957.sgpcm	Mewtwo/sounds/SFX_SHOOT
958	958.sgpcm	Mewtwo/sounds/SFX_DOUBLE_JUMP
959	959.sgpcm	Mewtwo/sounds/SFX_TELEPORT
960	960.sgpcm	Mewtwo/sounds/SFX_DISABLE
962	962.sgpcm	Conker/sounds/CONKER_TAUNT
963	963.sgpcm	Wolf/sounds/WOLF_CHEER
964	964.sgpcm	Conker/sounds/CONKER_ANNOUNCER
965	965.sgpcm	1p/sounds/STAR_FOX
966	966.sgpcm	Piano/sounds/ANNOUNCER
967	967.sgpcm	1p/sounds/MULTIMAN
968	968.sgpcm	1p/sounds/CRUEL_MULTIMAN
977	977.sgpcm	sounds/misc/splash
978	978.sgpcm	sounds/misc/gameboy_start_up
979	979.sgpcm	Marth/sounds/ENTRY
980	980.sgpcm	Sonic/sounds/ANNOUNCER
981	981.sgpcm	sounds/misc/sonic_bumper
982	982.sgpcm	sounds/misc/triangle_bumper
983	983.sgpcm	Sonic/sounds/SPRING
984	984.sgpcm	Sonic/sounds/SPINDASH_CHARGE
985	985.sgpcm	Sonic/sounds/SPINDASH_ROLL
986	986.sgpcm	Sonic/sounds/HOMING_CHARGE
987	987.sgpcm	Sonic/sounds/HOMING_ATTACK
988	988.sgpcm	Sonic/sounds/SONIC_JUMP
989	989.sgpcm	Sonic/sounds/SONIC_SKID
990	990.sgpcm	Sonic/sounds/CLASSIC_SPINDASH_CHARGE
991	991.sgpcm	Sonic/sounds/CLASSIC_SPRING
992	992.sgpcm	Sonic/sounds/CLASSIC_SONIC_JUMP
993	993.sgpcm	Sonic/sounds/CLASSIC_SONIC_SKID
994	994.sgpcm	Sonic/sounds/CLASSIC_SONIC_SPIN
995	995.sgpcm	Sonic/sounds/CLASSIC_SPINDASH_ATTACK
996	996.sgpcm	Sonic/sounds/CLASSIC_SONIC_KO
997	997.sgpcm	Sonic/sounds/SONIC_ATTACK1
998	998.sgpcm	Sonic/sounds/SONIC_ATTACK2
999	999.sgpcm	Sonic/sounds/SONIC_ATTACK3
1000	1000.sgpcm	sounds/misc/badnik_destroy
1001	1001.sgpcm	Sonic/sounds/SONIC_DAMAGE
1002	1002.sgpcm	Sonic/sounds/SONIC_FSMASH
1003	1003.sgpcm	Sonic/sounds/SONIC_KO
1004	1004.sgpcm	Sonic/sounds/SONIC_SHIELDBREAKSTUN
1005	1005.sgpcm	Sonic/sounds/SONIC_SLEEP
1006	1006.sgpcm	Sonic/sounds/SONIC_STARKO
1007	1007.sgpcm	Sonic/sounds/SONIC_VICTORY
1008	1008.sgpcm	Sonic/sounds/SONIC_TEETER
1009	1009.sgpcm	Sonic/sounds/SONIC_ROLL
1010	1010.sgpcm	Sonic/sounds/SONIC_TECH
1011	1011.sgpcm	Sonic/sounds/SONIC_HEAVYLIFT
1012	1012.sgpcm	sounds/misc/cannon_turn
1013	1013.sgpcm	sounds/misc/cannon_shoot
1014	1014.sgpcm	sounds/all_star
1015	1015.sgpcm	sounds/homerun_contest
1016	1016.sgpcm	sounds/twelve_character_battle
1017	1017.sgpcm	Sonic/sounds/SONIC_CHANT
1018	1018.sgpcm	Sonic/sounds/TAILSFLY
1019	1019.sgpcm	sounds/misc/shrinkray
1020	1020.sgpcm	Sonic/sounds/SONIC_JUMP_2
1021	1021.sgpcm	Sonic/sounds/CLASSIC_SONIC_JUMP_2
1022	1022.sgpcm	SSonic/sounds/ANNOUNCER
1023	1023.sgpcm	Sonic/sounds/SONIC_TAUNT
1024	1024.sgpcm	sounds/misc/rain
1025	1025.sgpcm	sounds/misc/chainchomp
1026	1026.sgpcm	sounds/misc/mk64_1
1027	1027.sgpcm	sounds/misc/mk64_2
1028	1028.sgpcm	sounds/misc/mk64_3
1029	1029.sgpcm	sounds/misc/mk64_4
1030	1030.sgpcm	sounds/misc/mk64_5
1031	1031.sgpcm	sounds/misc/deku_nut
1032	1032.sgpcm	sounds/misc/deku_nut_freeze
1033	1033.sgpcm	Sheik/sounds/ANNOUNCER
1034	1034.sgpcm	Sheik/sounds/CROWD_CHANT
1035	1035.sgpcm	Sheik/sounds/HURT
1036	1036.sgpcm	Sheik/sounds/DEATH
1037	1037.sgpcm	Sheik/sounds/ATTACK_1
1038	1038.sgpcm	Sheik/sounds/JUMP
1039	1039.sgpcm	Sheik/sounds/NSP_CHARGE
1040	1040.sgpcm	Sheik/sounds/NSP_THROW
1041	1041.sgpcm	Sheik/sounds/ATTACK_2
1042	1042.sgpcm	Sheik/sounds/SLEEP
1043	1043.sgpcm	Sheik/sounds/STAR_KO
1044	1044.sgpcm	Sheik/sounds/ATTACK_3
1045	1045.sgpcm	Sheik/sounds/USP_POOF
1046	1046.sgpcm	Sheik/sounds/VICTORY
1047	1047.sgpcm	Sheik/sounds/VOICE
1048	1048.sgpcm	Sheik/sounds/TAUNT
1049	1049.sgpcm	Sheik/sounds/HEAVY_LIFT
1050	1050.sgpcm	Sheik/sounds/JAB
1051	1051.sgpcm	sounds/misc/franklin_badge
1052	1052.sgpcm	sounds/onett/honk
1053	1053.sgpcm	Sheik/sounds/TEETER
1054	1054.sgpcm	Sheik/sounds/SHIELD_BREAK
1055	1055.sgpcm	Marina/sounds/ANNOUNCER
1056	1056.sgpcm	Marina/sounds/SHAKE
1057	1057.sgpcm	Marina/sounds/HOI
1058	1058.sgpcm	Marina/sounds/TAUNT
1059	1059.sgpcm	Marina/sounds/YAHOO
1060	1060.sgpcm	Marina/sounds/HO
1061	1061.sgpcm	Marina/sounds/YAH
1062	1062.sgpcm	Marina/sounds/YAAAH
1063	1063.sgpcm	Marina/sounds/TORIYA
1064	1064.sgpcm	Marina/sounds/PAIN
1065	1065.sgpcm	Marina/sounds/KO
1066	1066.sgpcm	Marina/sounds/STARKO
1067	1067.sgpcm	Marina/sounds/SIGH
1068	1068.sgpcm	Marina/sounds/THRUSTER
1069	1069.sgpcm	Marina/sounds/STUNLOOP
1070	1070.sgpcm	sounds/smashketball/bounce
1071	1071.sgpcm	sounds/smashketball/fire_bounce
1072	1072.sgpcm	sounds/smashketball/spawn_buzz
1073	1073.sgpcm	sounds/smashketball/end_buzzer
1074	1074.sgpcm	Slippy/sounds/CHANT
1075	1075.sgpcm	Peppy/sounds/CHANT
1076	1076.sgpcm	Ebi/sounds/CHANT
1077	1077.sgpcm	Dedede/sounds/USP_INITIAL
1078	1078.sgpcm	Dedede/sounds/USP_LAND
1079	1079.sgpcm	sounds/misc/Pitfall_Jump
1080	1080.sgpcm	Dedede/sounds/CROWD_CHANT
1081	1081.sgpcm	sounds/misc/pitfall_vanish
1082	1082.sgpcm	Dedede/sounds/USP_LAND_VOICE
1083	1083.sgpcm	Dedede/sounds/STUN
1084	1084.sgpcm	Marina/sounds/SHAKE_SHAKE
1085	1085.sgpcm	Dedede/sounds/JUMP_1
1086	1086.sgpcm	Dedede/sounds/JUMP_2
1087	1087.sgpcm	Goemon/sounds/JUMP_1
1088	1088.sgpcm	Goemon/sounds/TEETER
1089	1089.sgpcm	Dedede/sounds/USP_BONK
1090	1090.sgpcm	Dedede/sounds/VOICE_HEAVY_GET
1091	1091.sgpcm	Dedede/sounds/VOICE_HURT
1092	1092.sgpcm	Dedede/sounds/VOICE_KO
1093	1093.sgpcm	Dedede/sounds/VOICE_LAUGH
1094	1094.sgpcm	Dedede/sounds/VOICE_SLEEP
1095	1095.sgpcm	Dedede/sounds/VOICE_STAR_KO
1096	1096.sgpcm	Dedede/sounds/VOICE_TEETER
1097	1097.sgpcm	Dedede/sounds/VOICE_USP_RISE
1098	1098.sgpcm	Dedede/sounds/WADDLE_JUMP
1099	1099.sgpcm	Dedede/sounds/WADDLE_STEP_L
1100	1100.sgpcm	Dedede/sounds/WADDLE_STEP_R
1101	1101.sgpcm	Dedede/sounds/WADDLE_THROW
1102	1102.sgpcm	Dedede/sounds/VOICE_ATTACK_1
1103	1103.sgpcm	Dedede/sounds/VOICE_ATTACK_2
1104	1104.sgpcm	Dedede/sounds/VOICE_ATTACK_3
1105	1105.sgpcm	Dedede/sounds/ANNOUNCER
1106	1106.sgpcm	DrLuigi/sounds/CHANT
1107	1107.sgpcm	Marina/sounds/VICTORY
1108	1108.sgpcm	1p/sounds/TINY_TEAM
1109	1109.sgpcm	YoungLink/sounds/BOMBCHU
1110	1110.sgpcm	sounds/misc/tripstart
1111	1111.sgpcm	Marina/sounds/SFX_POP
1112	1112.sgpcm	Marina/sounds/SFX_SHAKE
1113	1113.sgpcm	Marina/sounds/SFX_ENTRY
1114	1114.sgpcm	Goemon/sounds/JUMP_2
1115	1115.sgpcm	sounds/stadium/THERE_GOES
1116	1116.sgpcm	sounds/stadium/ONIX
1117	1117.sgpcm	sounds/stadium/SNORLAX
1118	1118.sgpcm	sounds/stadium/GOLDEEN
1119	1119.sgpcm	sounds/stadium/MEOWTH
1120	1120.sgpcm	sounds/stadium/CHARIZARD
1121	1121.sgpcm	sounds/stadium/BEEDRILL
1122	1122.sgpcm	sounds/stadium/BLASTOISE
1123	1123.sgpcm	sounds/stadium/CHANSEY
1124	1124.sgpcm	sounds/stadium/STARMIE
1125	1125.sgpcm	sounds/stadium/HITMONLEE
1126	1126.sgpcm	sounds/stadium/KOFFING
1127	1127.sgpcm	sounds/stadium/CLEFAIRY
1128	1128.sgpcm	sounds/stadium/MEW
1129	1129.sgpcm	sounds/stadium/NORMAL_KO_1
1130	1130.sgpcm	sounds/stadium/NORMAL_KO_2
1131	1131.sgpcm	sounds/stadium/NORMAL_KO_3
1132	1132.sgpcm	sounds/stadium/NORMAL_KO_4
1133	1133.sgpcm	sounds/stadium/QUICK_KO_1
1134	1134.sgpcm	sounds/stadium/QUICK_KO_2
1135	1135.sgpcm	Goemon/sounds/DAMAGE
1136	1136.sgpcm	Goemon/sounds/HEAVY_PICKUP
1137	1137.sgpcm	Goemon/sounds/ROLL
1138	1138.sgpcm	Goemon/sounds/TECH
1139	1139.sgpcm	Goemon/sounds/STUN
1140	1140.sgpcm	Goemon/sounds/CHAIN_PIPE
1141	1141.sgpcm	Goemon/sounds/CHAIN_PIPE_END
1142	1142.sgpcm	sounds/stadium/LONG_KO_1
1143	1143.sgpcm	sounds/stadium/LONG_KO_2
1144	1144.sgpcm	sounds/stadium/BURN_1
1145	1145.sgpcm	sounds/stadium/FACE_EACH_OTHER
1146	1146.sgpcm	sounds/stadium/BATTLE_POSES
1147	1147.sgpcm	sounds/stadium/FIGHTING_POSES
1148	1148.sgpcm	sounds/stadium/ASLEEP_1
1149	1149.sgpcm	sounds/stadium/ASLEEP_2
1150	1150.sgpcm	sounds/stadium/SING
1151	1151.sgpcm	sounds/stadium/ASLEEP_3
1152	1152.sgpcm	sounds/stadium/ATTACK_CONTINUING
1153	1153.sgpcm	sounds/onett/car
1154	1154.sgpcm	sounds/stadium/KNOCKBACK_HIGH_1
1155	1155.sgpcm	sounds/stadium/KNOCKBACK_HIGH_2
1156	1156.sgpcm	sounds/stadium/KNOCKBACK_HIGH_3
1157	1157.sgpcm	sounds/stadium/KNOCKBACK_HIGH_4
1158	1158.sgpcm	sounds/stadium/KNOCKBACK_HIGH_5
1159	1159.sgpcm	sounds/stadium/KNOCKBACK_HIGH_6
1160	1160.sgpcm	sounds/stadium/KNOCKBACK_HIGH_7
1161	1161.sgpcm	sounds/stadium/KNOCKBACK_HIGH_8
1162	1162.sgpcm	sounds/stadium/KNOCKBACK_HIGH_9
1163	1163.sgpcm	sounds/stadium/KNOCKBACK_HIGH_10
1164	1164.sgpcm	sounds/stadium/KNOCKBACK_HIGH_11
1165	1165.sgpcm	sounds/stadium/KNOCKBACK_HIGH_12
1166	1166.sgpcm	sounds/stadium/KNOCKBACK_MID_1
1167	1167.sgpcm	sounds/stadium/KNOCKBACK_MID_2
1168	1168.sgpcm	sounds/stadium/KNOCKBACK_MID_3
1169	1169.sgpcm	sounds/stadium/KNOCKBACK_MID_4
1170	1170.sgpcm	sounds/stadium/KNOCKBACK_MID_5
1171	1171.sgpcm	sounds/stadium/KNOCKBACK_MID_6
1172	1172.sgpcm	sounds/stadium/DAMAGE_EARLY
1173	1173.sgpcm	sounds/stadium/DAMAGE_1
1174	1174.sgpcm	sounds/stadium/DAMAGE_2
1175	1175.sgpcm	sounds/stadium/DAMAGE_3
1176	1176.sgpcm	sounds/stadium/DAMAGE_4
1177	1177.sgpcm	sounds/stadium/GENERAL_1
1178	1178.sgpcm	sounds/stadium/GENERAL_2
1179	1179.sgpcm	sounds/stadium/GENERAL_3
1180	1180.sgpcm	sounds/stadium/GENERAL_4
1181	1181.sgpcm	sounds/stadium/GENERAL_5
1182	1182.sgpcm	sounds/stadium/GENERAL_6
1183	1183.sgpcm	sounds/stadium/BURN_2
1184	1184.sgpcm	sounds/stadium/CLOSE_MATCH
1185	1185.sgpcm	sounds/stadium/TIME
1186	1186.sgpcm	sounds/stadium/THUNDER
1187	1187.sgpcm	sounds/stadium/TELEPORT
1188	1188.sgpcm	sounds/stadium/DISABLE
1189	1189.sgpcm	sounds/stadium/FIRE_PUNCH
1190	1190.sgpcm	sounds/stadium/BUILDING_ENERGY
1191	1191.sgpcm	sounds/stadium/HUNG_TOUGH
1192	1192.sgpcm	sounds/stadium/COUNTER
1193	1193.sgpcm	sounds/stadium/DAMAGE_LITTLE_1
1194	1194.sgpcm	sounds/stadium/POUND
1195	1195.sgpcm	sounds/stadium/QUICK_ATTACK
1196	1196.sgpcm	sounds/stadium/REST_1
1197	1197.sgpcm	sounds/stadium/REST_2
1198	1198.sgpcm	sounds/stadium/TIME_UP
1199	1199.sgpcm	sounds/stadium/SEISMIC_TOSS
1200	1200.sgpcm	sounds/misc/footstool
1201	1201.sgpcm	sounds/stadium/RECOVERY
1202	1202.sgpcm	sounds/stadium/CLANG
1203	1203.sgpcm	sounds/stadium/STUN_1
1204	1204.sgpcm	sounds/stadium/STUN_2
1205	1205.sgpcm	sounds/stadium/FLAMETHROWER
1206	1206.sgpcm	sounds/stadium/GYM_LEADER_CASTLE
1207	1207.sgpcm	sounds/stadium/OPENING_1
1208	1208.sgpcm	sounds/stadium/SLASH
1209	1209.sgpcm	sounds/stadium/TEAM_KO_1
1210	1210.sgpcm	sounds/stadium/TEAM_KO_2
1211	1211.sgpcm	sounds/stadium/ATTACK_1
1212	1212.sgpcm	sounds/stadium/ATTACK_2
1213	1213.sgpcm	sounds/stadium/ATTACK_3
1214	1214.sgpcm	sounds/stadium/GENERAL_7
1215	1215.sgpcm	sounds/stadium/GENERAL_8
1216	1216.sgpcm	sounds/stadium/OPENING_2
1217	1217.sgpcm	sounds/stadium/OPENING_3
1218	1218.sgpcm	sounds/misc/goldengunshoot
1219	1219.sgpcm	sounds/misc/goldengunnoammo
1220	1220.sgpcm	Goemon/sounds/ANNOUNCER
1221	1221.sgpcm	Goemon/sounds/RAKU_SHOU
1222	1222.sgpcm	Goemon/sounds/ATTACK_1
1223	1223.sgpcm	Goemon/sounds/ATTACK_2
1224	1224.sgpcm	Goemon/sounds/ATTACK_3
1225	1225.sgpcm	Goemon/sounds/ATTACK_4
1226	1226.sgpcm	Goemon/sounds/DAMAGE
1227	1227.sgpcm	Goemon/sounds/HEAVY_PICKUP
1228	1228.sgpcm	Goemon/sounds/ROLL
1229	1229.sgpcm	Goemon/sounds/TECH
1230	1230.sgpcm	Goemon/sounds/STUN
1231	1231.sgpcm	Goemon/sounds/KO
1232	1232.sgpcm	Goemon/sounds/STAR_KO
1233	1233.sgpcm	Goemon/sounds/STUN_INITIAL
1234	1234.sgpcm	Goemon/sounds/LETS_GO
1235	1235.sgpcm	Piano/sounds/CHANT
1236	1236.sgpcm	Ganondorf/sounds/PLACEHOLDER
1237	1237.sgpcm	YoungLink/sounds/STUN
1238	1238.sgpcm	Peppy/sounds/ATTACK_1
1239	1239.sgpcm	Peppy/sounds/ATTACK_2
1240	1240.sgpcm	Peppy/sounds/ATTACK_3
1241	1241.sgpcm	Peppy/sounds/ATTACK_4
1242	1242.sgpcm	Peppy/sounds/KO
1243	1243.sgpcm	Peppy/sounds/STAR_KO
1244	1244.sgpcm	Peppy/sounds/DAMAGE
1245	1245.sgpcm	Peppy/sounds/HEAVY_LIFT
1246	1246.sgpcm	Slippy/sounds/ATTACK_1
1247	1247.sgpcm	Slippy/sounds/ATTACK_2
1248	1248.sgpcm	Slippy/sounds/ATTACK_3
1249	1249.sgpcm	Slippy/sounds/DAMAGE
1250	1250.sgpcm	Slippy/sounds/DEATH
1251	1251.sgpcm	Slippy/sounds/DODGE
1252	1252.sgpcm	Slippy/sounds/SCREAM
1253	1253.sgpcm	Slippy/sounds/STAR_KO
1254	1254.sgpcm	Slippy/sounds/STUN
1255	1255.sgpcm	Slippy/sounds/TAUNT
1256	1256.sgpcm	Slippy/sounds/VICTORY_1
1257	1257.sgpcm	Slippy/sounds/VICTORY_2
1258	1258.sgpcm	Slippy/sounds/STUN
1259	1259.sgpcm	Peppy/sounds/OKAY
1260	1260.sgpcm	Peppy/sounds/JUMP
1261	1261.sgpcm	Peppy/sounds/TECH
1262	1262.sgpcm	Peppy/sounds/TEETER
1263	1263.sgpcm	Peppy/sounds/SHIELD_BREAK
1264	1264.sgpcm	Peppy/sounds/TRUST_YER_INSTINCTS
1265	1265.sgpcm	Peppy/sounds/STUN
1266	1266.sgpcm	Peppy/sounds/STUN
1267	1267.sgpcm	Peppy/sounds/BLASTER
1268	1268.sgpcm	Peppy/sounds/YERMINE
1269	1269.sgpcm	Slippy/sounds/TEETER
1270	1270.sgpcm	Peppy/sounds/BARREL_ROLL
1271	1271.sgpcm	Peppy/sounds/TAUNT
1272	1272.sgpcm	SLIPPY/sounds/ANNOUNCER
1273	1273.sgpcm	PEPPY/sounds/ANNOUNCER
1274	1274.sgpcm	1p/sounds/DOUBLE_TROUBLE
1275	1275.sgpcm	1p/sounds/DREAM_TEAM
1276	1276.sgpcm	1p/sounds/ECHOES
1277	1277.sgpcm	1p/sounds/HYLIAN_HEROES
1278	1278.sgpcm	1p/sounds/POCKET_MONSTERS
1279	1279.sgpcm	1p/sounds/PSI_ROCKERS
1280	1280.sgpcm	Goemon/sounds/CLOUD_SPAWN
1281	1281.sgpcm	Goemon/sounds/CLOUD_DESPAWN
1282	1282.sgpcm	sounds/MASTERHAND
1283	1283.sgpcm	DSamus/sounds/CROWD_CHANT
1284	1284.sgpcm	Banjo/sounds/NSP_FORWARD
1285	1285.sgpcm	Banjo/sounds/NSP_BACKWARD
1286	1286.sgpcm	Banjo/sounds/EGG_BOUNCE
1287	1287.sgpcm	Banjo/sounds/DAMAGE
1288	1288.sgpcm	Banjo/sounds/JUMP_1
1289	1289.sgpcm	Banjo/sounds/KO
1290	1290.sgpcm	Banjo/sounds/STAR_KO
1291	1291.sgpcm	Banjo/sounds/STUN
1292	1292.sgpcm	Banjo/sounds/SLEEP
1293	1293.sgpcm	Banjo/sounds/HEAVY_LIFT
1294	1294.sgpcm	Banjo/sounds/JUMP_2
1295	1295.sgpcm	Banjo/sounds/ATTACK_1
1296	1296.sgpcm	Banjo/sounds/ATTACK_2
1297	1297.sgpcm	Banjo/sounds/ATTACK_3
1298	1298.sgpcm	Banjo/sounds/ANNOUNCER
1299	1299.sgpcm	Ganondorf/sounds/PLACEHOLDER
1300	1300.sgpcm	Banjo/sounds/SHIELD_BREAK
1301	1301.sgpcm	MLuigi/sounds/ANNOUNCER
1302	1302.sgpcm	Ebi/sounds/ANNOUNCER
1303	1303.sgpcm	Ebi/sounds/ATTACK_1
1304	1304.sgpcm	Ebi/sounds/ATTACK_2
1305	1305.sgpcm	Ebi/sounds/ATTACK_3
1306	1306.sgpcm	Ebi/sounds/ATTACK_4
1307	1307.sgpcm	Ebi/sounds/STAR_KO
1308	1308.sgpcm	Ebi/sounds/KO
1309	1309.sgpcm	Ebi/sounds/DAMAGE
1310	1310.sgpcm	Ebi/sounds/HEAVY_PICKUP
1311	1311.sgpcm	Ebi/sounds/JUMP_1
1312	1312.sgpcm	Ebi/sounds/STUN
1313	1313.sgpcm	Ebi/sounds/STUN_INITIAL
1314	1314.sgpcm	Ebi/sounds/TECH
1315	1315.sgpcm	Ebi/sounds/ROLL
1316	1316.sgpcm	Ebi/sounds/AUDIENCE_LAUGH
1317	1317.sgpcm	Ebi/sounds/LETS_GO
1318	1318.sgpcm	Ebi/sounds/THROW
1319	1319.sgpcm	sounds/misc/boo_laugh
1320	1320.sgpcm	sounds/misc/chargesmash
1321	1321.sgpcm	sounds/misc/cloak
1322	1322.sgpcm	sounds/misc/decloak
1323	1323.sgpcm	Banjo/sounds/KAZOOIE_FAIR_1
1324	1324.sgpcm	Banjo/sounds/KAZOOIE_FAIR_2
1325	1325.sgpcm	Banjo/sounds/BREEGUL_BASH
1326	1326.sgpcm	Banjo/sounds/BEAK_BARGE
1327	1327.sgpcm	Banjo/sounds/BEAK_BUSTER_START
1328	1328.sgpcm	Banjo/sounds/BEAK_BUSTER
1329	1329.sgpcm	sounds/Yellow_Team
1330	1330.sgpcm	1p/sounds/MYSTICAL_NINJAS
1331	1331.sgpcm	Banjo/sounds/BANJO_ANNOYED
1332	1332.sgpcm	Banjo/sounds/KAZOOIE_LAUGH
1333	1333.sgpcm	Banjo/sounds/USP_ATTACK
1334	1334.sgpcm	Banjo/sounds/USP_JUMP
1335	1335.sgpcm	sounds/misc/bc_time
1336	1336.sgpcm	Banjo/sounds/GU_HUH
1337	1337.sgpcm	Banjo/sounds/ENTRY
1338	1338.sgpcm	Banjo/sounds/CROWD_CHANT
1339	1339.sgpcm	Banjo/sounds/KAZOOIE_USMASH
1340	1340.sgpcm	Goemon/sounds/SLEEP
1341	1341.sgpcm	Ganondorf/sounds/PLACEHOLDER
1342	1342.sgpcm	Ganondorf/sounds/PLACEHOLDER
1343	1343.sgpcm	Banjo/sounds/KAZOOIE_DSMASH
1344	1344.sgpcm	Banjo/sounds/YUH_OH
1345	1345.sgpcm	Ganondorf/sounds/PLACEHOLDER
1346	1346.sgpcm	1p/sounds/METAL_MARIO_BROTHERS
1347	1347.sgpcm	Ganondorf/sounds/PLACEHOLDER
1348	1348.sgpcm	DragonKing/sounds/ANNOUNCER
1349	1349.sgpcm	DragonKing/sounds/KO
1350	1350.sgpcm	DragonKing/sounds/STAR_KO
1351	1351.sgpcm	DragonKing/sounds/DAMAGE
1352	1352.sgpcm	DragonKing/sounds/SMASH1
1353	1353.sgpcm	DragonKing/sounds/SMASH2
1354	1354.sgpcm	DragonKing/sounds/SMASH3
1355	1355.sgpcm	DragonKing/sounds/SHIELDBREAK
1356	1356.sgpcm	CONKER/sounds/CONKER_CHANT
1357	1357.sgpcm	sounds/pokemon/Blastoise_J
1358	1358.sgpcm	sounds/pokemon/Chansey_J
1359	1359.sgpcm	sounds/pokemon/Charmander_J
1360	1360.sgpcm	sounds/pokemon/Clefairy_J
1361	1361.sgpcm	sounds/pokemon/Goldeen_J
1362	1362.sgpcm	sounds/pokemon/Koffing_J
1363	1363.sgpcm	sounds/pokemon/Snorlax1_J
1364	1364.sgpcm	sounds/pokemon/Snorlax2_J
1365	1365.sgpcm	sounds/pokemon/Venusaur_J
1366	1366.sgpcm	Ebi/sounds/CAMERA
1367	1367.sgpcm	GOEMON/sounds/CHANT
1368	1368.sgpcm	sounds/misc/pwing
1369	1369.sgpcm	sounds/misc/pwing_pickup
1370	1370.sgpcm	sounds/misc/pwing_end
1371	1371.sgpcm	sounds/misc/pwing_low
1372	1372.sgpcm	1p/sounds/RARE_PAIR
1373	1373.sgpcm	sounds/misc/thunderball_shoot
1374	1374.sgpcm	sounds/misc/cacodemon_death
1375	1375.sgpcm	Ganondorf/sounds/GNDSLEEP
1376	1376.sgpcm	DragonKing/sounds/STUN
1377	1377.sgpcm	DragonKing/sounds/SLEEP
1378	1378.sgpcm	Ganondorf/sounds/PLACEHOLDER
1379	1379.sgpcm	Ebi/sounds/EBI_SELECT
1380	1380.sgpcm	sounds/misc/thank_you
1381	1381.sgpcm	Ganondorf/sounds/PLACEHOLDER
1382	1382.sgpcm	sounds/misc/song_of_time
1383	1383.sgpcm	sounds/misc/meow
1384	1384.sgpcm	sounds/misc/woof
1385	1385.sgpcm	sounds/misc/DonkeyD
1386	1386.sgpcm	sounds/misc/DonkeyK
1387	1387.sgpcm	Marina/sounds/CHANT
1388	1388.sgpcm	EPuff/sounds/ANNOUNCER
1389	1389.sgpcm	EPuff/sounds/POUND
1390	1390.sgpcm	EPuff/sounds/SMASH1
1391	1391.sgpcm	EPuff/sounds/SMASH2
1392	1392.sgpcm	EPuff/sounds/SMASH3
1393	1393.sgpcm	EPuff/sounds/SING
1396	1396.sgpcm	EPuff/sounds/AWAKEN
1397	1397.sgpcm	EPuff/sounds/DAMAGE
1398	1398.sgpcm	EPuff/sounds/TAUNT
1399	1399.sgpcm	EPuff/sounds/STAR_KO
1400	1400.sgpcm	EPuff/sounds/STUN
1401	1401.sgpcm	EPuff/sounds/CHANT
1403	1403.sgpcm	Crash/sounds/ANNOUNCER
1404	1404.sgpcm	Crash/sounds/ATTACK_1
1405	1405.sgpcm	Crash/sounds/ATTACK_2
1406	1406.sgpcm	Crash/sounds/ATTACK_3
1407	1407.sgpcm	Crash/sounds/STUN
1408	1408.sgpcm	Crash/sounds/STAR_KO
1409	1409.sgpcm	Crash/sounds/DAMAGE
1410	1410.sgpcm	Crash/sounds/SHIELD_BREAK
1411	1411.sgpcm	Crash/sounds/SPIN
1412	1412.sgpcm	Crash/sounds/BADABA
1413	1413.sgpcm	Crash/sounds/SLIDE
1414	1414.sgpcm	Crash/sounds/WOAH
1415	1415.sgpcm	Peach/sounds/ATTACK_1
1416	1416.sgpcm	Peach/sounds/ATTACK_2
1417	1417.sgpcm	Peach/sounds/ATTACK_3
1418	1418.sgpcm	Peach/sounds/DAMAGE
1419	1419.sgpcm	Peach/sounds/KO
1420	1420.sgpcm	Peach/sounds/STAR_KO
1421	1421.sgpcm	Peach/sounds/JUMP
1422	1422.sgpcm	Peach/sounds/ROLL
1423	1423.sgpcm	Peach/sounds/STUN
1424	1424.sgpcm	Peach/sounds/SLEEP
1425	1425.sgpcm	Peach/sounds/ALL_RIGHT
1426	1426.sgpcm	Peach/sounds/HELLO
1427	1427.sgpcm	Peach/sounds/OH
1428	1428.sgpcm	Peach/sounds/OH_NO
1429	1429.sgpcm	Peach/sounds/PEACHY
1430	1430.sgpcm	Peach/sounds/TAKE
1431	1431.sgpcm	Peach/sounds/YEAH_PEACHYS_GOT_IT
1432	1432.sgpcm	Peach/sounds/ANNOUNCER
1433	1433.sgpcm	Peach/sounds/TURNIP
1434	1434.sgpcm	Peach/sounds/PARASOL
1435	1435.sgpcm	Peach/sounds/CLUB
1436	1436.sgpcm	Peach/sounds/RACKET
1437	1437.sgpcm	Crash/sounds/WARP
1438	1438.sgpcm	Crash/sounds/WARPDIE
1439	1439.sgpcm	Crash/sounds/AKUAKU
1440	1440.sgpcm	Crash/sounds/SNORE
1441	1441.sgpcm	Crash/sounds/BOUNCE
1442	1442.sgpcm	Roy/sounds/ATTACK_1
1443	1443.sgpcm	Roy/sounds/ATTACK_2
1444	1444.sgpcm	Roy/sounds/ATTACK_3
1445	1445.sgpcm	Roy/sounds/ATTACK_4
1446	1446.sgpcm	Roy/sounds/ATTACK_5
1447	1447.sgpcm	Roy/sounds/ATTACK_6
1448	1448.sgpcm	Roy/sounds/DODGE
1449	1449.sgpcm	Roy/sounds/JUMP
1450	1450.sgpcm	Roy/sounds/CHANT
1451	1451.sgpcm	Roy/sounds/TAUNT
1452	1452.sgpcm	Roy/sounds/DAMAGE
1453	1453.sgpcm	Roy/sounds/DEATH
1454	1454.sgpcm	Roy/sounds/STAR_KO
1455	1455.sgpcm	Roy/sounds/SLEEP
1456	1456.sgpcm	Roy/sounds/STUN
1457	1457.sgpcm	Roy/sounds/USP_VOICE
1458	1458.sgpcm	Peach/sounds/THAT
1459	1459.sgpcm	EPika/sounds/ANNOUNCER
1460	1460.sgpcm	Roy/sounds/COUNTER_3
1461	1461.sgpcm	Roy/sounds/VICTORY_1
1462	1462.sgpcm	Roy/sounds/VICTORY_2
1463	1463.sgpcm	Roy/sounds/VICTORY_3
1464	1464.sgpcm	Roy/sounds/HEAVY_LIFT
1465	1465.sgpcm	Roy/sounds/DSP_SFX
1466	1466.sgpcm	Roy/sounds/DSP_VOICE
1467	1467.sgpcm	sounds/misc/parry
1468	1468.sgpcm	Crash/sounds/DSP_FALL
1469	1469.sgpcm	Crash/sounds/ITEMSHOOT
1471	1471.sgpcm	Crash/sounds/FRUIT_EAT
1473	1473.sgpcm	Ganondorf/sounds/PLACEHOLDER
1474	1474.sgpcm	sounds/misc/crate_bounce
1475	1475.sgpcm	sounds/misc/crash_collect
1483	1483.sgpcm	sounds/misc/fzerox_3
1484	1484.sgpcm	sounds/misc/fzerox_2
1485	1485.sgpcm	sounds/misc/fzerox_1
1486	1486.sgpcm	sounds/misc/fzerox_go
1487	1487.sgpcm	sounds/stadium/BODY_SLAM
1488	1488.sgpcm	sounds/stadium/DIG_THIS
1489	1489.sgpcm	sounds/stadium/IT_BURROWED_UNDERGROUND
1490	1490.sgpcm	sounds/stadium/IT_BURROWED_AGAIN
1491	1491.sgpcm	sounds/stadium/THE_UNDERGROUND_ATTACK_CONTINUES
1492	1492.sgpcm	DSamus/sounds/BALL
1493	1493.sgpcm	DrLuigi/sounds/BOING
1494	1494.sgpcm	Peach/sounds/BINGO
1495	1495.sgpcm	Crash/sounds/CHANT
1496	1496.sgpcm	Peach/sounds/CHANT
1497	1497.sgpcm	Lanky/sounds/ANNOUNCER
1500	1500.sgpcm	Lanky/sounds/CHANT
1501	1501.sgpcm	Lanky/sounds/ATTACK_1
1502	1502.sgpcm	Lanky/sounds/ATTACK_2
1503	1503.sgpcm	Lanky/sounds/ATTACK_3
1504	1504.sgpcm	Lanky/sounds/DAMAGE
1505	1505.sgpcm	Lanky/sounds/KO
1506	1506.sgpcm	Lanky/sounds/STAR_KO
1507	1507.sgpcm	Lanky/sounds/STUN
1508	1508.sgpcm	Lanky/sounds/HEAVY_LIFT
1509	1509.sgpcm	Lanky/sounds/JUMP_F
1510	1510.sgpcm	Lanky/sounds/JUMP_B
1511	1511.sgpcm	Lanky/sounds/TECH
1512	1512.sgpcm	Lanky/sounds/TAUNT
1513	1513.sgpcm	Lanky/sounds/DSP_TAUNT
1514	1514.sgpcm	Lanky/sounds/HUP_1
1515	1515.sgpcm	Lanky/sounds/HUP_2
1516	1516.sgpcm	Lanky/sounds/NSP_YEH
1517	1517.sgpcm	Lanky/sounds/DSP_HUP
1518	1518.sgpcm	Lanky/sounds/STRETCH
1519	1519.sgpcm	Lanky/sounds/UNSTRETCH
1520	1520.sgpcm	Lanky/sounds/NSP_SHOOT
1521	1521.sgpcm	Lanky/sounds/GRAPE_SPLAT
1522	1522.sgpcm	Lanky/sounds/INFLATE
1523	1523.sgpcm	Lanky/sounds/DEFLATE
1524	1524.sgpcm	Lanky/sounds/DEFLATE_LONG
1525	1525.sgpcm	Lanky/sounds/USP_RISE
1531	1531.sgpcm	Lanky/sounds/DASH_ATTACK_1
1532	1532.sgpcm	Lanky/sounds/DASH_ATTACK_2
1533	1533.sgpcm	sounds/misc/mr_saturn_1
1536	1536.sgpcm	Timer
1538	1538.sgpcm	sounds/misc/gaw_biip
1539	1539.sgpcm	sounds/misc/gaw_boop
1540	1540.sgpcm	sounds/misc/gaw_hardland
1541	1541.sgpcm	sounds/misc/dne_remit
1544	1544.sgpcm	sounds/stadium/PUMPED
